title,license,url,filename
By Kentaro Ohno - Flickr: 新宿三丁目の伊勢丹前で寝てた猫, CC BY 2.0, https://commons.wikimedia.org/w/index.php?curid=32017974,1_Many_cats_on_the_Area_guide_sign_board_in_front_of_Isetan_Shinjuku_main_store.jpg
By Maame Akua Rita - Own work, CC BY-SA 4.0, https://commons.wikimedia.org/w/index.php?curid=88777335,2_A_blend_of_different_colors_of_cats.jpg
By Suzy Dubot - Three Cats Sleeping, CC0 Public Domain, https://www.publicdomainpictures.net/en/free-download.php?image=three-cats-sleeping&id=92393,3_three-cats-sleeping.jpg
By MagAloche - Own work, CC BY-SA 3.0, https://commons.wikimedia.org/wiki/File:Catch_cats_3.JPG,4_Catch_cats_3.JPG
By Catmuseum - Own work, CC BY-SA 4.0, https://commons.wikimedia.org/wiki/File:Catsrepublic.jpg,5_Catsrepublic.jpg
By sprklg - https://www.flickr.com/photos/sparklig/4437424829/, CC BY-SA 2.0, https://commons.wikimedia.org/w/index.php?curid=10697248,6_Nekokaigi%2C_a_cat_cafe_in_Kyoto_-_March_16%2C_2010.jpg
By Takashi(aes256) - Cat Café on Flickr, CC BY-SA 2.0, https://commons.wikimedia.org/w/index.php?curid=24428346,7_Roo_Female_Somali_in_Cat_Caf%C3%A9_Tokyo.jpg
By Petar Milošević - Own work, CC BY-SA 4.0, https://commons.wikimedia.org/w/index.php?curid=44865718,8_Cat_Cafe_%28Cat_Caffe%29.jpg
By Bfreed01 - Own work, CC BY-SA 4.0, https://commons.wikimedia.org/w/index.php?curid=46892649,9_Charming_Cat_Cafe%2C_Vista_Ridge%2C_Lewisville.jpg
